subject	total species	ambiguous species	percent ambiguous
Biochemistry	1584	323	20.391414
Genomics	2744	631	22.995627
Molecular	1053	217	20.607787
Ecology	6691	1366	20.415483
