subject	total species	ambiguous species	percent ambiguous
Biochemistry	1585	324	20.441640
Genomics	2745	631	22.987250
Molecular	1054	217	20.588235
Ecology	6691	1367	20.430429
